"Date","Time","Open","High","Low","Close","Up","Down"
01/02/2008,06:00,1991.00,1995.00,1990.75,1994.75,9356,7094
01/02/2008,07:00,1994.50,1994.75,1990.50,1991.00,5896,7800
01/02/2008,08:00,1991.00,1991.50,1988.25,1991.00,8697,7739
01/02/2008,09:00,1991.25,1992.75,1987.25,1989.75,65929,63744
01/02/2008,10:00,1989.75,1990.00,1976.50,1977.25,128752,155978
01/02/2008,11:00,1977.25,1978.75,1968.50,1972.75,110725,132543
01/02/2008,12:00,1972.75,1972.75,1965.25,1967.75,64557,76451
01/02/2008,13:00,1967.75,1970.25,1963.50,1968.50,68263,64306
01/02/2008,14:00,1968.75,1977.75,1966.00,1966.25,142918,137575
01/02/2008,15:00,1966.25,1968.75,1961.25,1967.25,130936,144226
01/02/2008,16:00,1967.50,1972.50,1967.25,1971.50,47346,34461
01/02/2008,18:00,1972.50,1974.00,1972.00,1972.25,4267,3366
01/02/2008,19:00,1972.25,1973.75,1972.00,1973.75,932,301
01/02/2008,20:00,1973.75,1973.75,1972.75,1973.00,857,619
01/02/2008,21:00,1973.25,1974.00,1973.00,1973.75,772,125
01/02/2008,22:00,1974.00,1974.50,1973.50,1974.00,926,613
01/02/2008,23:00,1974.25,1974.75,1973.75,1974.75,1377,675
01/03/2008,00:00,1974.75,1975.25,1974.50,1974.75,1651,465
01/03/2008,01:00,1975.00,1976.25,1974.75,1975.50,1872,509
01/03/2008,02:00,1975.25,1975.75,1971.75,1973.00,1589,2997
01/03/2008,03:00,1972.75,1975.00,1970.75,1971.75,6037,8475
01/03/2008,04:00,1972.00,1972.75,1969.00,1969.75,3934,5636
01/03/2008,05:00,1969.75,1970.25,1967.50,1968.00,6477,7468
01/03/2008,06:00,1968.25,1969.50,1967.25,1968.25,3701,5044
01/03/2008,07:00,1968.00,1973.25,1967.75,1969.25,10009,9098
01/03/2008,08:00,1969.25,1975.75,1967.75,1973.50,28295,22256
01/03/2008,09:00,1973.25,1974.00,1966.75,1970.00,77108,79483
01/03/2008,10:00,1970.00,1976.00,1967.75,1969.75,120367,118212
01/03/2008,11:00,1969.75,1975.25,1969.50,1973.50,75259,69678
01/03/2008,12:00,1973.25,1977.00,1972.25,1973.75,54825,52593
01/03/2008,13:00,1974.00,1974.00,1969.50,1970.00,32128,46033
01/03/2008,14:00,1970.25,1972.25,1968.00,1969.75,50397,53007
01/03/2008,15:00,1969.75,1970.25,1963.25,1966.50,104209,121745
01/03/2008,16:00,1966.50,1971.25,1966.50,1970.25,36413,25146
01/03/2008,18:00,1970.50,1971.50,1970.00,1971.00,1069,541
01/03/2008,19:00,1971.00,1971.75,1968.00,1968.25,1566,2242
01/03/2008,20:00,1968.25,1968.75,1967.25,1968.00,1142,1718
01/03/2008,21:00,1968.00,1968.75,1967.50,1968.75,1022,796
01/03/2008,22:00,1968.75,1971.75,1968.25,1971.25,1451,535
01/03/2008,23:00,1971.25,1975.25,1971.25,1974.25,2890,1474
01/04/2008,00:00,1974.25,1975.00,1974.00,1974.50,885,1273
01/04/2008,01:00,1974.75,1975.25,1974.25,1974.75,495,430
01/04/2008,02:00,1974.75,1975.00,1972.75,1972.75,800,2334
01/04/2008,03:00,1973.00,1974.00,1972.00,1973.25,4919,4183
01/04/2008,04:00,1973.25,1975.25,1973.00,1974.50,4019,3092
01/04/2008,05:00,1974.75,1975.50,1973.75,1974.75,4008,2871
01/04/2008,06:00,1974.50,1975.25,1973.75,1974.50,2138,2308
01/04/2008,07:00,1974.50,1974.50,1972.00,1973.75,4872,6703
01/04/2008,08:00,1974.00,1975.50,1954.50,1955.75,75508,88277
01/04/2008,09:00,1956.00,1956.25,1948.25,1951.25,130081,132142
01/04/2008,10:00,1951.00,1953.50,1939.75,1940.75,166147,187922
01/04/2008,11:00,1940.75,1946.25,1938.50,1944.50,131997,116739
01/04/2008,12:00,1944.75,1948.50,1940.50,1942.75,75084,79297
01/04/2008,13:00,1942.75,1943.50,1936.25,1941.50,90898,90893
01/04/2008,14:00,1941.25,1941.50,1930.75,1936.00,126932,160684
01/04/2008,15:00,1936.00,1939.00,1930.00,1930.25,173975,186583
01/04/2008,16:00,1930.00,1935.50,1929.75,1934.75,72485,43013
01/06/2008,18:00,1934.75,1936.25,1933.25,1935.75,2909,2330
01/06/2008,19:00,1935.75,1938.00,1934.25,1937.50,2517,1718
01/06/2008,20:00,1937.50,1940.00,1937.00,1938.50,2318,2138
01/06/2008,21:00,1938.50,1939.50,1938.00,1939.00,1305,873
01/06/2008,22:00,1939.00,1940.50,1937.75,1938.75,1579,1177
01/06/2008,23:00,1938.75,1939.00,1937.75,1938.25,460,644
01/07/2008,00:00,1938.25,1940.25,1937.00,1937.25,1211,1393
01/07/2008,01:00,1937.25,1937.50,1935.75,1936.00,4609,1597
01/07/2008,02:00,1936.25,1940.00,1935.75,1939.00,7493,4659
01/07/2008,03:00,1939.00,1941.00,1934.00,1935.25,7975,10765
01/07/2008,04:00,1935.25,1942.00,1935.25,1941.00,9278,4943
01/07/2008,05:00,1941.00,1943.25,1940.50,1942.50,8919,8001
01/07/2008,06:00,1942.50,1943.50,1941.75,1943.00,4214,5005
01/07/2008,07:00,1943.00,1944.50,1939.50,1940.75,9586,10434
01/07/2008,08:00,1940.75,1942.25,1940.00,1941.00,12832,15469
01/07/2008,09:00,1940.75,1941.75,1934.50,1938.00,109468,111083
01/07/2008,10:00,1938.00,1938.25,1922.25,1927.50,231571,258482
01/07/2008,11:00,1927.75,1940.00,1927.50,1937.25,185379,148668
01/07/2008,12:00,1937.25,1943.75,1931.50,1941.75,133561,121439
01/07/2008,13:00,1941.75,1942.00,1932.50,1934.75,87983,103289
01/07/2008,14:00,1934.75,1936.25,1925.25,1930.25,149920,171515
01/07/2008,15:00,1930.50,1938.75,1923.25,1936.25,198501,186471
01/07/2008,16:00,1936.25,1938.00,1932.75,1933.50,41948,51152
01/07/2008,18:00,1932.50,1934.25,1932.25,1934.25,1362,981
01/07/2008,19:00,1934.25,1935.00,1933.25,1933.75,1201,1344
01/07/2008,20:00,1934.00,1936.50,1933.25,1936.00,1877,806
01/07/2008,21:00,1935.75,1937.25,1935.75,1936.75,1263,798
01/07/2008,22:00,1936.75,1939.00,1936.25,1937.75,2732,985
01/07/2008,23:00,1937.75,1938.00,1936.00,1936.75,496,880
01/08/2008,00:00,1936.75,1938.50,1936.50,1937.75,747,556
01/08/2008,01:00,1937.75,1938.50,1936.75,1936.75,422,730
01/08/2008,02:00,1936.50,1937.50,1935.75,1937.25,1678,1829
01/08/2008,03:00,1937.25,1940.50,1936.50,1939.75,6187,5421
01/08/2008,04:00,1939.75,1940.50,1938.50,1940.50,5518,3565
01/08/2008,05:00,1940.25,1940.75,1939.00,1940.00,3836,3535
01/08/2008,06:00,1940.00,1941.25,1939.75,1940.75,4452,3001
01/08/2008,07:00,1940.50,1946.00,1940.50,1945.75,20061,11762
01/08/2008,08:00,1945.75,1946.25,1940.50,1942.00,19816,20305
01/08/2008,09:00,1942.00,1947.25,1939.50,1944.25,118251,107700
01/08/2008,10:00,1944.00,1950.00,1941.50,1944.00,177318,172128
01/08/2008,11:00,1943.75,1945.00,1929.75,1932.75,177873,213819
01/08/2008,12:00,1932.75,1936.00,1930.00,1933.50,89225,92572
01/08/2008,13:00,1933.50,1941.50,1930.00,1941.25,168428,152331
01/08/2008,14:00,1941.25,1944.75,1927.25,1928.50,165749,197712
01/08/2008,15:00,1928.50,1929.75,1906.75,1908.75,373384,429410
01/08/2008,16:00,1908.75,1910.75,1905.25,1909.00,74705,67618
01/08/2008,18:00,1909.75,1910.25,1907.50,1908.00,3198,4574
01/08/2008,19:00,1908.00,1910.75,1908.00,1910.00,1447,894
01/08/2008,20:00,1910.00,1912.25,1910.00,1912.00,2188,952
01/08/2008,21:00,1912.00,1912.50,1910.50,1911.25,1072,1066
01/08/2008,22:00,1911.25,1912.50,1909.75,1912.00,888,683
01/08/2008,23:00,1911.75,1913.50,1911.50,1913.00,1741,908
01/09/2008,00:00,1913.00,1915.75,1913.00,1915.50,2871,602
01/09/2008,01:00,1915.25,1916.75,1914.75,1915.00,1798,1274
01/09/2008,02:00,1915.25,1919.00,1914.75,1918.25,7622,4740
01/09/2008,03:00,1918.25,1919.00,1912.25,1913.25,14344,15085
01/09/2008,04:00,1913.00,1915.00,1910.50,1911.50,8829,8998
01/09/2008,05:00,1911.50,1914.75,1910.50,1914.25,8082,6138
01/09/2008,06:00,1914.25,1917.75,1913.25,1915.50,8204,6444
01/09/2008,07:00,1915.75,1917.00,1909.25,1911.00,14826,18903
01/09/2008,08:00,1911.00,1913.25,1906.50,1907.75,30335,37240
01/09/2008,09:00,1907.75,1916.25,1905.75,1914.00,163673,158050
01/09/2008,10:00,1914.00,1919.25,1910.00,1915.75,205239,193671
01/09/2008,11:00,1915.75,1917.25,1903.75,1907.00,150680,165689
01/09/2008,12:00,1907.00,1914.25,1905.25,1911.50,96619,81680
01/09/2008,13:00,1911.50,1913.00,1900.00,1902.50,122077,126661
01/09/2008,14:00,1902.50,1914.00,1897.25,1911.75,200592,182430
01/09/2008,15:00,1912.00,1928.75,1911.00,1928.50,351507,289398
01/09/2008,16:00,1928.50,1928.75,1923.00,1926.75,46865,51377
01/09/2008,18:00,1927.50,1928.00,1926.50,1926.50,1383,1829
01/09/2008,19:00,1926.50,1927.50,1924.50,1925.00,1433,1841
01/09/2008,20:00,1925.00,1925.00,1923.50,1924.25,1283,1675
01/09/2008,21:00,1924.25,1925.25,1923.50,1924.75,713,696
01/09/2008,22:00,1924.75,1926.00,1924.00,1924.25,1510,1333
01/09/2008,23:00,1924.00,1925.50,1924.00,1925.25,1128,1042
01/10/2008,00:00,1925.25,1925.50,1923.00,1923.00,1017,1934
01/10/2008,01:00,1923.00,1923.00,1919.25,1920.25,1579,4723
01/10/2008,02:00,1920.25,1924.75,1920.25,1924.00,3236,2441
01/10/2008,03:00,1923.75,1924.00,1920.75,1921.75,7149,6477
01/10/2008,04:00,1922.00,1922.75,1917.50,1921.75,7952,9578
01/10/2008,05:00,1921.50,1922.75,1919.25,1922.00,5934,6085
01/10/2008,06:00,1921.75,1922.00,1918.00,1921.50,7326,7567
01/10/2008,07:00,1921.75,1924.25,1918.50,1922.25,18507,18997
01/10/2008,08:00,1922.25,1924.00,1915.25,1918.25,36162,37200
01/10/2008,09:00,1918.00,1921.25,1913.75,1920.00,97117,93496
01/10/2008,10:00,1920.00,1928.00,1919.25,1922.00,150824,141134
01/10/2008,11:00,1921.75,1923.00,1916.75,1921.75,83705,83455
01/10/2008,12:00,1921.50,1941.50,1919.50,1934.25,293344,269230
01/10/2008,13:00,1934.00,1935.75,1919.75,1925.75,162787,171770
01/10/2008,14:00,1925.50,1943.50,1921.25,1941.50,234472,185017
01/10/2008,15:00,1941.50,1948.50,1937.50,1938.50,226591,210456
01/10/2008,16:00,1938.50,1939.00,1930.75,1931.50,63617,75772
01/10/2008,18:00,1932.00,1936.00,1932.00,1934.75,1970,1999
01/10/2008,19:00,1934.75,1934.75,1931.75,1932.25,690,1772
01/10/2008,20:00,1932.00,1932.75,1931.25,1931.50,1783,2897
01/10/2008,21:00,1931.50,1931.75,1930.75,1931.00,1040,2328
01/10/2008,22:00,1930.75,1931.00,1927.50,1927.50,1367,7315
01/10/2008,23:00,1927.50,1928.00,1925.25,1926.00,2070,3194
01/11/2008,00:00,1926.00,1926.75,1923.25,1923.75,1986,3276
01/11/2008,01:00,1923.75,1925.00,1923.00,1923.25,1426,1526
01/11/2008,02:00,1923.25,1927.75,1923.00,1924.75,5992,5995
01/11/2008,03:00,1924.75,1927.75,1924.25,1925.50,8806,10546
01/11/2008,04:00,1925.50,1927.50,1923.25,1926.75,9117,7243
01/11/2008,05:00,1927.00,1927.00,1924.50,1925.00,4308,3905
01/11/2008,06:00,1925.00,1925.75,1918.25,1920.75,11874,16319
01/11/2008,07:00,1920.75,1926.75,1918.50,1924.75,32664,25341
01/11/2008,08:00,1925.00,1928.25,1923.00,1926.75,23794,23342
01/11/2008,09:00,1926.75,1931.00,1923.25,1926.25,122735,123786
01/11/2008,10:00,1926.25,1933.25,1921.50,1930.25,155728,155008
01/11/2008,11:00,1930.25,1935.75,1926.50,1931.50,118841,121548
01/11/2008,12:00,1931.75,1933.00,1925.00,1932.25,79687,86942
01/11/2008,13:00,1932.25,1933.00,1919.00,1920.75,129361,135087
01/11/2008,14:00,1920.75,1926.75,1917.50,1921.50,89226,90077
01/11/2008,15:00,1921.50,1925.00,1912.50,1920.00,228116,236090
01/11/2008,16:00,1920.00,1922.00,1919.50,1920.75,41532,39626
01/13/2008,18:00,1920.75,1926.25,1919.50,1925.00,5338,2735
01/13/2008,19:00,1924.75,1925.50,1923.25,1925.00,1100,1533
01/13/2008,20:00,1925.25,1926.75,1924.75,1924.75,1641,1274
01/13/2008,21:00,1924.75,1925.00,1923.50,1924.00,1062,1362
01/13/2008,22:00,1923.75,1924.75,1922.50,1923.75,1219,1709
01/13/2008,23:00,1923.75,1924.75,1923.25,1923.25,763,374
01/14/2008,00:00,1923.50,1923.75,1921.00,1921.25,754,1220
01/14/2008,01:00,1921.00,1921.75,1920.25,1921.75,469,641
01/14/2008,02:00,1921.75,1934.25,1910.25,1920.25,24162,31641
01/14/2008,03:00,1920.00,1925.50,1919.50,1924.75,9784,5614
01/14/2008,04:00,1924.75,1926.25,1921.50,1922.50,5832,5520
01/14/2008,05:00,1922.25,1926.25,1922.25,1925.00,4376,3796
01/14/2008,06:00,1924.75,1924.75,1921.50,1922.25,4842,6070
01/14/2008,07:00,1922.25,1930.75,1921.75,1929.25,22859,13758
01/14/2008,08:00,1929.25,1931.00,1928.50,1930.75,14422,10974
01/14/2008,09:00,1930.75,1932.00,1923.50,1925.75,95735,106135
01/14/2008,10:00,1925.75,1930.75,1923.25,1930.50,117264,93613
01/14/2008,11:00,1930.25,1932.75,1927.50,1927.50,84413,78333
01/14/2008,12:00,1927.75,1928.50,1924.25,1927.00,56371,58261
01/14/2008,13:00,1927.00,1932.25,1925.75,1931.25,69795,52827
01/14/2008,14:00,1931.25,1934.50,1927.75,1934.50,91442,75234
01/14/2008,15:00,1934.50,1936.75,1930.25,1934.25,120468,115233
01/14/2008,16:00,1934.25,1934.50,1932.00,1933.00,30464,41323
01/14/2008,18:00,1933.75,1934.75,1933.00,1933.25,1039,810
01/14/2008,19:00,1933.00,1933.00,1930.75,1931.75,1394,1881
01/14/2008,20:00,1931.75,1932.25,1931.25,1931.75,716,946
01/14/2008,21:00,1931.75,1932.00,1930.50,1930.50,739,742
01/14/2008,22:00,1930.25,1930.50,1927.75,1928.00,726,3622
01/14/2008,23:00,1928.00,1928.75,1927.25,1927.50,1109,1542
01/15/2008,00:00,1927.50,1928.00,1926.00,1926.75,1805,2110
01/15/2008,01:00,1926.50,1927.25,1924.50,1926.25,947,1361
01/15/2008,02:00,1925.75,1927.75,1925.25,1926.00,2331,3097
01/15/2008,03:00,1926.00,1927.50,1925.00,1926.25,5059,6066
01/15/2008,04:00,1926.25,1926.25,1923.75,1924.25,4350,5245
01/15/2008,05:00,1924.00,1925.50,1922.75,1925.00,7709,8773
01/15/2008,06:00,1925.00,1929.00,1922.75,1926.25,15043,14320
01/15/2008,07:00,1926.50,1927.75,1919.75,1921.75,14941,18679
01/15/2008,08:00,1921.50,1922.25,1914.75,1916.00,43846,57091
01/15/2008,09:00,1916.00,1920.00,1914.75,1917.75,96251,96503
01/15/2008,10:00,1917.75,1919.50,1902.50,1905.25,210305,252299
01/15/2008,11:00,1905.25,1909.50,1901.00,1905.50,151460,154177
01/15/2008,12:00,1905.25,1908.25,1902.50,1905.50,97150,95362
01/15/2008,13:00,1905.50,1910.00,1901.25,1903.75,116642,120908
01/15/2008,14:00,1903.75,1907.50,1899.75,1901.25,114466,127150
01/15/2008,15:00,1901.25,1910.75,1897.50,1898.75,232591,242039
01/15/2008,16:00,1898.75,1901.00,1885.50,1886.00,68559,66378
01/15/2008,18:00,1887.25,1889.25,1886.50,1887.50,3836,4306
01/15/2008,19:00,1887.75,1889.00,1885.50,1887.25,2601,2935
01/15/2008,20:00,1887.00,1891.50,1885.75,1891.25,8123,2354
01/15/2008,21:00,1891.00,1892.00,1890.00,1890.75,1980,1988
01/15/2008,22:00,1891.00,1892.00,1890.00,1890.25,1130,1495
01/15/2008,23:00,1890.50,1891.50,1888.00,1888.25,1417,1712
01/16/2008,00:00,1888.25,1888.25,1886.00,1887.00,960,1697
01/16/2008,01:00,1887.00,1889.50,1886.75,1887.25,2191,1150
01/16/2008,02:00,1887.25,1890.50,1886.50,1889.25,3889,3600
01/16/2008,03:00,1889.25,1891.50,1885.25,1891.00,11576,10700
01/16/2008,04:00,1890.75,1891.75,1887.75,1891.00,9179,10680
01/16/2008,05:00,1891.00,1891.75,1886.00,1886.00,5356,8776
01/16/2008,06:00,1886.25,1888.50,1884.00,1887.50,15070,14292
01/16/2008,07:00,1887.50,1892.75,1886.25,1888.75,27440,20654
01/16/2008,08:00,1889.00,1894.75,1886.50,1890.50,44706,45743
01/16/2008,09:00,1890.50,1902.50,1889.50,1892.50,197475,198267
01/16/2008,10:00,1892.50,1895.50,1880.75,1884.50,265618,269882
01/16/2008,11:00,1884.50,1899.00,1884.00,1897.50,230259,179082
01/16/2008,12:00,1897.50,1901.25,1893.50,1896.25,152112,142254
01/16/2008,13:00,1896.25,1897.75,1890.75,1893.25,112982,104973
01/16/2008,14:00,1893.50,1909.75,1889.25,1900.50,265915,234622
01/16/2008,15:00,1900.50,1907.25,1889.00,1889.50,222692,234476
01/16/2008,16:00,1889.50,1892.00,1887.75,1890.50,47464,55757
01/16/2008,18:00,1890.75,1891.50,1889.25,1891.25,1876,2730
01/16/2008,19:00,1891.25,1893.75,1890.75,1892.25,2946,2285
01/16/2008,20:00,1892.25,1893.25,1890.25,1893.00,1341,1484
01/16/2008,21:00,1893.00,1894.75,1893.00,1894.25,1980,1181
01/16/2008,22:00,1894.00,1894.25,1889.75,1890.00,930,3310
01/16/2008,23:00,1890.00,1894.25,1888.50,1893.75,2119,1656
01/17/2008,00:00,1893.75,1896.50,1893.50,1896.25,3067,1602
01/17/2008,01:00,1896.25,1897.25,1895.75,1897.00,1734,1351
01/17/2008,02:00,1897.00,1900.25,1896.75,1899.75,6945,4216
01/17/2008,03:00,1900.00,1901.50,1896.00,1896.50,7654,9755
01/17/2008,04:00,1896.50,1899.00,1894.25,1895.50,7821,8506
01/17/2008,05:00,1895.50,1896.25,1892.75,1894.25,4575,6608
01/17/2008,06:00,1894.00,1895.25,1892.25,1893.25,6688,6729
01/17/2008,07:00,1893.25,1894.75,1881.25,1886.75,36697,45581
01/17/2008,08:00,1887.00,1897.25,1882.50,1896.50,67210,51560
01/17/2008,09:00,1896.50,1898.00,1888.50,1893.00,105767,124205
01/17/2008,10:00,1893.00,1893.50,1870.75,1877.50,331606,357363
01/17/2008,11:00,1877.50,1881.75,1867.25,1868.00,158743,179001
01/17/2008,12:00,1868.00,1871.50,1862.50,1868.25,166457,165956
01/17/2008,13:00,1868.25,1875.00,1864.75,1869.00,122366,116199
01/17/2008,14:00,1869.00,1870.50,1856.75,1863.00,204240,212682
01/17/2008,15:00,1862.75,1867.75,1846.25,1849.25,311161,361121
01/17/2008,16:00,1849.25,1855.00,1848.75,1855.00,97803,77260
01/17/2008,18:00,1854.50,1858.75,1854.00,1857.50,7369,5351
01/17/2008,19:00,1857.50,1858.75,1856.00,1857.75,2844,3017
01/17/2008,20:00,1857.75,1858.00,1856.75,1857.50,1055,1005
01/17/2008,21:00,1857.50,1858.75,1856.75,1857.75,1493,2022
01/17/2008,22:00,1857.75,1860.25,1857.50,1859.75,1952,1389
01/17/2008,23:00,1859.75,1861.25,1859.75,1861.00,1979,1430
01/18/2008,00:00,1861.25,1863.25,1861.00,1863.00,5785,2303
01/18/2008,01:00,1863.25,1863.50,1862.00,1862.25,1650,2023
01/18/2008,02:00,1862.25,1865.75,1861.25,1865.50,7399,5287
01/18/2008,03:00,1865.25,1865.75,1858.50,1860.75,11277,11754
01/18/2008,04:00,1861.00,1862.50,1857.00,1861.75,14337,12944
01/18/2008,05:00,1861.75,1869.50,1861.25,1865.50,21931,12175
01/18/2008,06:00,1865.50,1869.00,1863.50,1868.25,15498,9775
01/18/2008,07:00,1868.50,1872.25,1864.00,1871.00,25676,21896
01/18/2008,08:00,1871.00,1872.75,1866.25,1867.75,32413,34113
01/18/2008,09:00,1867.75,1868.00,1853.00,1855.25,179382,232327
01/18/2008,10:00,1855.25,1867.50,1852.25,1854.00,249913,253757
01/18/2008,11:00,1853.75,1855.00,1828.00,1831.50,277690,336035
01/18/2008,12:00,1831.25,1846.25,1830.25,1840.75,188787,171170
01/18/2008,13:00,1840.75,1846.00,1832.75,1837.00,112482,119425
01/18/2008,14:00,1836.75,1843.00,1830.75,1837.00,132556,137872
01/18/2008,15:00,1837.00,1844.00,1832.50,1842.00,204366,200891
01/18/2008,16:00,1842.25,1843.25,1836.75,1837.50,56621,57854
01/20/2008,18:00,1840.00,1843.75,1839.75,1841.50,2570,1888
01/20/2008,19:00,1841.50,1842.25,1839.75,1840.00,590,944
01/20/2008,20:00,1840.00,1840.75,1833.00,1833.50,1323,3535
01/20/2008,21:00,1833.50,1835.25,1832.50,1833.75,1227,1808
01/20/2008,22:00,1833.75,1837.00,1833.50,1835.50,1018,694
01/20/2008,23:00,1835.25,1835.75,1833.00,1833.00,303,687
01/21/2008,00:00,1833.00,1833.25,1830.50,1831.00,1046,2684
01/21/2008,01:00,1831.00,1832.00,1829.50,1830.00,828,1246
01/21/2008,02:00,1830.00,1830.00,1818.50,1819.75,5830,12119
01/21/2008,03:00,1819.75,1821.00,1794.50,1804.00,25417,32471
01/21/2008,04:00,1804.00,1809.25,1798.75,1806.50,13477,11934
01/21/2008,05:00,1806.50,1808.25,1781.25,1786.75,20109,33974
01/21/2008,06:00,1786.75,1792.50,1768.50,1775.75,35097,35886
01/21/2008,07:00,1775.75,1793.00,1773.00,1788.75,35985,28865
01/21/2008,08:00,1789.00,1796.00,1784.75,1795.75,28554,27387
01/21/2008,09:00,1795.75,1797.00,1788.50,1794.75,21012,20746
01/21/2008,10:00,1794.75,1795.00,1781.00,1782.50,25013,31613
01/21/2008,11:00,1782.50,1785.25,1776.00,1777.75,19659,20900
01/21/2008,18:00,1777.25,1785.00,1777.25,1783.75,13911,14730
01/21/2008,19:00,1783.75,1784.25,1773.75,1774.50,10480,15377
01/21/2008,20:00,1774.50,1781.25,1772.00,1774.00,12440,12348
01/21/2008,21:00,1774.25,1783.75,1773.50,1782.75,5164,3604
01/21/2008,22:00,1782.75,1786.25,1778.50,1779.75,5068,4788
01/21/2008,23:00,1779.75,1780.00,1772.00,1775.25,4124,5555
01/22/2008,00:00,1775.25,1777.00,1769.50,1771.75,4604,5767
01/22/2008,01:00,1771.75,1773.25,1768.00,1769.75,5569,9977
01/22/2008,02:00,1770.00,1771.75,1767.75,1767.75,2025,10463
01/22/2008,03:00,1767.75,1772.25,1767.75,1771.25,4618,13919
01/22/2008,04:00,1771.00,1777.00,1767.75,1776.25,30218,29985
01/22/2008,05:00,1776.00,1777.75,1767.75,1773.75,21534,22972
01/22/2008,06:00,1774.00,1785.25,1773.75,1780.50,35824,29160
01/22/2008,07:00,1780.50,1781.25,1767.75,1771.75,42264,44273
01/22/2008,08:00,1771.50,1817.25,1768.00,1780.25,179045,170747
01/22/2008,09:00,1780.00,1813.00,1774.25,1800.00,328823,316450
01/22/2008,10:00,1800.25,1826.75,1798.25,1819.25,389806,377020
01/22/2008,11:00,1819.00,1836.25,1813.75,1816.25,296532,282525
01/22/2008,12:00,1816.25,1828.00,1814.75,1826.50,130277,117688
01/22/2008,13:00,1826.50,1834.25,1818.00,1823.00,158981,170518
01/22/2008,14:00,1823.00,1827.50,1816.00,1823.50,143292,145802
01/22/2008,15:00,1823.75,1837.25,1821.25,1825.50,229417,232173
01/22/2008,16:00,1825.50,1825.75,1808.75,1813.50,59817,74071
01/22/2008,18:00,1814.50,1819.25,1812.50,1819.00,3754,2804
01/22/2008,19:00,1819.00,1821.00,1817.50,1819.25,2435,2133
01/22/2008,20:00,1819.50,1820.00,1815.00,1818.25,1766,2013
01/22/2008,21:00,1818.00,1818.00,1807.25,1808.00,1491,4088
01/22/2008,22:00,1808.00,1811.25,1805.25,1806.00,3089,4080
01/22/2008,23:00,1806.00,1807.25,1804.75,1805.25,1608,1483
01/23/2008,00:00,1805.25,1810.00,1804.75,1809.50,1629,792
01/23/2008,01:00,1809.25,1816.25,1807.00,1815.00,3515,1633
01/23/2008,02:00,1815.00,1825.25,1811.50,1824.75,12142,6497
01/23/2008,03:00,1824.75,1831.00,1818.25,1820.25,19320,18717
01/23/2008,04:00,1820.25,1820.75,1807.75,1814.00,19240,25813
01/23/2008,05:00,1814.00,1817.00,1803.75,1808.00,14124,18156
01/23/2008,06:00,1808.25,1810.50,1795.00,1801.50,30388,33395
01/23/2008,07:00,1801.75,1807.00,1795.25,1797.50,27031,26730
01/23/2008,08:00,1797.50,1802.00,1773.25,1784.50,89552,107703
01/23/2008,09:00,1784.75,1808.75,1783.00,1806.25,228701,228690
01/23/2008,10:00,1806.50,1823.25,1803.50,1810.50,330519,324103
01/23/2008,11:00,1810.50,1814.25,1796.75,1799.25,182711,203773
01/23/2008,12:00,1799.00,1804.75,1782.25,1790.50,180464,205788
01/23/2008,13:00,1790.50,1810.00,1786.75,1806.25,211603,179908
01/23/2008,14:00,1806.50,1821.50,1802.75,1815.75,217868,202083
01/23/2008,15:00,1815.75,1854.25,1814.00,1853.00,430519,328848
01/23/2008,16:00,1853.00,1863.25,1851.75,1856.50,77545,69624
01/23/2008,18:00,1858.75,1861.50,1855.25,1856.00,4205,5395
01/23/2008,19:00,1856.00,1857.25,1855.25,1856.50,2734,4062
01/23/2008,20:00,1856.75,1857.50,1855.25,1855.50,1026,1448
01/23/2008,21:00,1855.25,1856.00,1851.50,1852.00,2349,4591
01/23/2008,22:00,1851.75,1857.00,1851.25,1856.25,1802,1744
01/23/2008,23:00,1856.25,1860.75,1856.25,1860.50,3605,1451
01/24/2008,00:00,1860.50,1860.50,1855.75,1856.75,912,1648
01/24/2008,01:00,1856.50,1860.00,1853.25,1859.25,2007,2018
01/24/2008,02:00,1859.50,1862.00,1852.25,1852.50,11312,13750
01/24/2008,03:00,1852.25,1858.00,1847.75,1855.00,20984,23639
01/24/2008,04:00,1855.00,1858.00,1845.75,1847.25,17557,17352
01/24/2008,05:00,1847.50,1857.00,1845.50,1856.00,13317,10329
01/24/2008,06:00,1856.00,1866.25,1855.50,1862.25,26192,19759
01/24/2008,07:00,1862.50,1863.00,1856.25,1857.00,21847,22380
01/24/2008,08:00,1856.75,1861.50,1852.50,1860.50,33622,29778
01/24/2008,09:00,1860.25,1865.00,1853.50,1859.75,141459,129512
01/24/2008,10:00,1859.50,1867.25,1847.50,1854.25,256132,254375
01/24/2008,11:00,1854.25,1864.50,1850.50,1859.50,145345,134078
01/24/2008,12:00,1859.50,1862.00,1850.25,1859.50,90145,87167
01/24/2008,13:00,1859.50,1864.00,1851.75,1860.75,103513,96257
01/24/2008,14:00,1860.50,1869.50,1854.75,1858.25,134255,143205
01/24/2008,15:00,1858.25,1866.25,1856.50,1865.00,136481,135885
01/24/2008,16:00,1865.25,1873.00,1863.00,1871.75,50672,49399
01/24/2008,18:00,1872.25,1873.00,1870.75,1871.75,2112,2720
01/24/2008,19:00,1871.75,1871.75,1869.25,1870.50,1676,1537
01/24/2008,20:00,1870.25,1872.50,1869.75,1871.25,1672,864
01/24/2008,21:00,1871.00,1871.00,1870.25,1870.50,818,807
01/24/2008,22:00,1870.50,1870.75,1868.25,1869.25,590,1641
01/24/2008,23:00,1869.00,1869.25,1866.75,1867.50,1564,2360
01/25/2008,00:00,1867.50,1874.75,1867.25,1874.25,3194,1294
01/25/2008,01:00,1874.50,1875.25,1872.50,1875.00,1648,1118
01/25/2008,02:00,1875.25,1877.50,1872.00,1875.75,7499,6029
01/25/2008,03:00,1875.75,1879.25,1875.75,1878.50,12637,15080
01/25/2008,04:00,1878.25,1878.50,1868.75,1873.00,14863,17195
01/25/2008,05:00,1873.25,1875.50,1870.00,1872.75,6173,6352
01/25/2008,06:00,1872.75,1877.00,1870.25,1874.25,8654,6717
01/25/2008,07:00,1874.00,1875.25,1871.00,1874.75,10013,8775
01/25/2008,08:00,1874.75,1877.75,1873.00,1877.25,24193,18307
01/25/2008,09:00,1877.00,1883.00,1874.75,1876.00,128719,131299
01/25/2008,10:00,1876.00,1877.25,1862.25,1863.25,202687,250638
01/25/2008,11:00,1863.25,1869.00,1859.00,1867.75,148434,144933
01/25/2008,12:00,1867.75,1868.50,1852.50,1854.75,95905,116594
01/25/2008,13:00,1854.50,1858.00,1840.50,1844.75,165203,190390
01/25/2008,14:00,1844.75,1850.50,1841.25,1845.75,133834,129045
01/25/2008,15:00,1845.50,1855.25,1840.75,1844.75,191641,196636
01/25/2008,16:00,1844.75,1847.75,1843.75,1846.00,42814,39513
01/27/2008,18:00,1848.25,1849.00,1843.50,1845.75,2483,2957
01/27/2008,19:00,1845.75,1847.00,1840.25,1843.75,3419,2969
01/27/2008,20:00,1843.75,1844.00,1840.00,1842.75,1846,2368
